{"type":"Topology","transform":{"scale":[0.0016477386017565473,0.0014616307978653667],"translate":[123.00336780940371,24.04123760715904]},"arcs":[[[6145,7543],[83,-10]],[[6228,7533],[26,-119],[32,-58],[19,-126],[30,-93]],[[6335,7137],[-71,-94],[-47,62],[-49,-91],[-64,26],[-136,-14],[-109,-77],[-59,14],[-39,98],[-68,3],[-98,-87],[11,-34]],[[5606,6943],[-58,27],[-45,90],[-12,67]],[[5491,7127],[62,177],[46,32],[118,25],[61,-6],[94,35],[-23,28],[142,133],[154,-8]],[[6914,7655],[0,-53],[-79,-103],[-4,-123],[28,-77]],[[6859,7299],[-90,-50],[-6,-28],[-100,-45],[-28,-53],[-70,7],[-73,43],[-64,-30],[-93,-6]],[[6228,7533],[79,72],[64,13],[47,96],[95,-15],[60,-35],[70,57],[111,-57],[26,-56],[134,47]],[[6222,7865],[-9,-50],[47,-28],[-11,-97],[-83,-51],[-21,-96]],[[5491,7127],[-36,-31],[-28,-73],[-109,12],[2,63],[-62,54],[22,52],[-17,69]],[[5263,7273],[111,29],[119,109],[6,23],[105,87],[47,19],[57,78],[154,104],[-16,77],[122,45],[81,8],[81,54],[92,-41]],[[6298,8324],[-34,-34],[-83,40],[13,55],[51,31],[53,-92]],[[6222,7865],[6,-28],[81,-29],[109,54],[93,-20],[184,11],[123,18],[77,37]],[[6895,7908],[32,-39],[55,-151],[-10,-53],[-58,-10]],[[5640,6766],[47,-61],[-96,9],[49,52]],[[5606,6943],[-24,-55],[7,-81],[-47,-35],[15,-56],[-117,44],[-137,92],[-106,-48],[-45,29],[-66,3],[-68,-73],[-102,72],[-41,11],[-64,-70],[-11,142],[-25,87],[34,47],[89,52],[71,0],[27,-28],[109,28],[24,64],[40,22],[47,75],[47,8]],[[4268,6442],[119,9],[183,-91],[-87,-65],[-24,-69]],[[4459,6226],[-66,33],[-55,-53],[32,-115]],[[4370,6091],[-104,29],[-66,56],[-11,56],[-47,18],[-43,70],[35,36]],[[4134,6356],[32,45],[-49,40],[40,53],[66,-14],[45,-38]],[[4975,6548],[-47,-84],[-106,-3],[-68,-95],[-1,-181]],[[4753,6185],[-65,37],[-90,-25],[-49,-68],[-41,-13]],[[4508,6116],[-6,73],[-43,37]],[[4268,6442],[34,80],[85,54],[32,-51],[64,19],[-2,48],[49,46],[-11,39],[60,55],[83,37],[64,7],[76,-37],[37,46],[27,-159],[50,-69],[59,-9]],[[4479,5794],[-15,-66],[-71,-12],[30,69],[56,9]],[[4361,5801],[11,-119],[-45,-55],[-74,-52],[4,71],[-26,42],[41,112],[89,1]],[[5050,6007],[-51,-19],[-118,-157],[-29,-63],[55,-108],[-6,-89],[-86,-47],[-136,-17]],[[4679,5507],[-75,50],[-100,-35],[-49,34]],[[4455,5556],[81,128],[51,53],[5,88],[61,65],[-57,33],[10,80],[-93,75],[-5,38]],[[4753,6185],[71,-34],[34,27],[-19,61],[42,14],[58,-37],[42,-66],[32,-112],[37,-31]],[[5382,5945],[-43,-33],[-72,-100],[-55,-159],[-88,-293],[17,-77],[-15,-77],[-66,-181],[-46,-3],[-69,62]],[[4945,5084],[24,71],[-94,48],[-21,53],[-73,53],[-4,59],[-43,32],[-55,107]],[[5050,6007],[93,-4],[15,-38],[120,7],[29,37],[75,-64]],[[6426,6830],[41,-17]],[[6467,6813],[-7,-99]],[[6460,6714],[-109,-25],[-121,-9],[-55,-23],[-68,-105],[-18,-73],[-53,-43],[-77,2],[-4,-43],[41,-50],[-128,-132],[-17,-146]],[[5851,6067],[-103,17],[16,41],[-47,141],[76,19],[-78,53],[-24,110],[73,109],[106,62],[23,129],[34,63],[90,49],[15,50],[111,-143],[119,40],[128,-13],[36,36]],[[6942,6955],[-13,-31],[-122,0],[-155,-61],[-83,14],[-102,-64]],[[6426,6830],[66,141],[149,100],[83,-20],[43,26],[64,-63],[111,-59]],[[6854,6492],[-32,-47],[-29,-103],[-54,3],[-111,122],[-112,30],[-81,-15],[-84,-41],[-32,-43],[-98,-45],[0,-74],[-95,-117],[-49,-17],[-9,-105],[-53,-62],[-62,-27],[-115,41],[13,75]],[[6460,6714],[166,-47],[75,-10],[9,-63],[61,-15],[19,-72],[64,-15]],[[4975,6548],[132,-20],[62,64],[89,-6],[43,-73],[-25,-106],[-113,-91],[121,-2],[98,-48],[-38,-50],[74,-40],[-17,-59],[49,-64],[-2,-61],[-66,-47]],[[6942,6955],[93,18],[24,-46],[-24,-82],[62,-65],[-28,-113],[-149,-90],[-66,-85]],[[8827,7683],[17,-56],[139,4]],[[8983,7631],[-21,-78],[-52,-54],[-46,-91],[-73,-41],[-13,-94]],[[8778,7273],[-198,-56],[111,120],[-62,36],[-40,-25],[-83,1],[-54,44],[-40,-17],[-24,91],[-44,48]],[[8344,7515],[-47,78]],[[8297,7593],[4,66],[43,71],[123,31],[75,-72],[74,-27],[56,19],[70,-36],[85,38]],[[8838,8440],[36,-43],[-53,-135],[26,-41],[-71,-115],[-53,-15],[-32,-45],[74,-47],[84,-163],[13,-69],[-35,-84]],[[8297,7593],[-96,63],[-72,-20]],[[8129,7636],[-13,20],[19,111],[-30,97],[-60,76]],[[8045,7940],[32,74],[86,-2],[191,26],[7,67],[-49,31],[13,97]],[[8325,8233],[57,117],[-25,31]],[[8357,8381],[38,32],[74,-44],[105,103],[81,18],[183,-50]],[[8521,8837],[-105,-37],[-57,-135],[4,-102],[-15,-81],[9,-101]],[[8325,8233],[-39,-8],[-76,53],[-133,22],[-51,77]],[[8026,8377],[122,101],[128,157],[74,143],[4,75],[-53,150],[41,108],[113,28],[108,61],[111,29],[34,-59],[-60,-10],[-14,-94],[-73,-6],[-58,-68],[-51,25],[-25,-76],[45,-40],[55,19],[-6,-83]],[[8344,7515],[-56,-28],[-12,-66],[-64,-84],[-9,-58],[30,-58],[38,-3],[73,-54],[66,-22],[34,-71],[-43,-47],[-174,-33],[-22,10],[-136,-83],[-15,-124],[-104,-55],[-66,-139]],[[7884,6600],[-79,67],[-9,35]],[[7796,6702],[66,55],[28,51],[51,12],[19,159],[-30,92],[86,75],[-92,53],[-15,105]],[[7909,7304],[-19,39]],[[7890,7343],[47,18],[27,50],[69,-7],[74,29],[28,43],[21,119],[-27,41]],[[9515,8682],[-106,-29],[-43,-43],[-34,-122],[36,-32],[88,12],[28,-74],[-22,-20],[11,-164],[53,-50]],[[9526,8160],[9,-49]],[[9535,8111],[-151,-6],[-71,44],[-42,-66],[-39,-3],[-28,-105],[17,-48]],[[9221,7927],[-32,-46],[-10,-120],[-26,-33],[-170,-97]],[[8838,8440],[34,32],[58,113],[10,127]],[[8940,8712],[41,19],[51,82],[74,-28],[22,-51],[104,36],[102,87],[105,9],[11,-53],[57,-59],[8,-72]],[[9648,7758],[53,-5],[-9,-116],[73,-59]],[[9765,7578],[-4,-82],[32,-87],[-32,-19],[-62,-108],[-90,-61],[-57,91],[36,269],[-64,12],[-87,-29],[-24,-80],[-89,-42],[-15,-63],[-77,-78],[-15,-77],[-87,37],[-94,9],[-60,-19],[-66,22],[-132,0]],[[9221,7927],[28,-105],[-8,-110],[59,-9],[62,-97],[49,28],[7,125],[21,24],[85,-46],[124,21]],[[8521,8837],[-24,-83],[92,-51],[108,1],[30,25],[26,84],[115,35]],[[8868,8848],[47,-42],[25,-94]],[[11084,14409],[-71,31],[32,70],[81,-63],[-42,-38]],[[11540,14651],[23,-36],[100,-71],[194,-193],[55,-91],[212,-204],[259,-184],[165,-92],[63,-56],[88,-2],[44,25],[130,-16],[64,-82],[45,-28],[211,-24],[55,18],[131,123],[93,58],[85,95],[5,-91],[-54,-97],[-95,-129],[-18,-87],[73,-91],[58,-148],[19,-89],[89,-14],[126,88],[-96,-143],[-130,0],[-107,-36],[-17,-52],[-61,-41],[-60,-4],[-66,45],[-30,-82],[-149,6],[-92,48],[-98,-19],[-179,-91],[-151,-125],[-117,-141],[-60,-93],[-6,-116],[-21,-85],[-37,-66],[-78,67],[-94,53],[-122,37],[-181,78],[-109,65],[-68,63],[-64,7],[-83,60],[-121,42],[-181,-37],[-205,-118],[-45,-53],[-172,171],[-126,12],[-66,-30],[-55,-72],[-20,-119],[156,-106],[100,19],[158,-149],[126,-65],[-107,-74],[-181,78],[-64,-60],[-90,-38],[-6,-81],[-27,-34],[-77,-22],[-39,-54],[-104,28],[-36,95],[25,78],[81,149],[-55,114],[-81,40],[-87,73],[-11,44],[49,109],[-4,107],[46,36],[82,10],[89,82],[28,-28],[172,167],[-55,80],[-60,53],[13,78],[68,34],[205,-125],[108,24],[20,-36],[110,-20],[118,92],[27,89],[-44,60],[14,56],[-32,92],[37,62],[78,25],[67,66],[19,88],[-9,144],[56,102],[27,117],[-6,116],[-38,130],[-81,142],[-2,61],[66,103],[80,13],[82,60],[36,-37]],[[8045,7940],[-55,19],[-13,-63],[-47,-46],[-91,-17],[-32,-75],[-75,-30]],[[7732,7728],[-125,19],[-52,50],[17,72]],[[7572,7869],[19,-30],[130,-6],[-12,50],[91,11],[71,67],[-11,35],[89,32],[-65,75],[-22,60],[124,192],[40,22]],[[7231,7045],[24,-47],[-139,-55],[-44,68],[40,28],[47,81],[111,106],[0,-66],[-49,-59],[10,-56]],[[7199,7947],[1,-58],[53,-52],[55,5],[4,-59],[-68,-21],[-12,-51],[97,-53],[49,4],[24,-48],[79,-25],[44,-38],[-23,-55]],[[7502,7496],[45,-65],[6,-119],[-21,-25]],[[7532,7287],[-77,9],[-45,-34],[-102,-22],[-211,105],[-108,-12],[-130,-34]],[[6895,7908],[104,50],[200,-11]],[[7732,7728],[51,-50],[5,-98],[-13,-78],[25,-79],[90,-80]],[[7909,7304],[-123,-12],[-77,41]],[[7709,7333],[-36,96],[-66,7],[-105,60]],[[7199,7947],[37,-11],[96,67],[87,24],[47,-58],[-71,-85],[90,-19],[87,4]],[[7796,6702],[-19,24],[-134,12],[10,45],[-44,75],[61,88],[41,21],[-38,101]],[[7673,7068],[12,83],[-27,35],[51,147]],[[7673,7068],[-278,-67],[-63,17]],[[7332,7018],[76,30],[68,59],[56,88],[0,92]],[[7884,6600],[-65,-109],[-74,-33],[-77,9],[-117,38],[-81,147],[-70,34],[-26,43],[-53,6],[17,125],[57,47],[-63,111]],[[10837,8000],[-120,-31],[-108,-85],[-60,-126],[17,-55],[-11,-70],